{
  "hash": "c345fa3d42485db8e7ff11368575148c",
  "result": {
    "markdown": "---\ntitle: \"DSC 223: Introduction to Data Science\"\ntbl-colwidths: [3,10,20,3,3,3,30,3,3]\n---\n\n\nThis page contains an outline of the topics, content, and assignments for the block. Note that this schedule will be updated as the block progresses, with all changes documented here.\n\n::: column-screen-inset-right\n| Day | Date         | Topic                                   |                                                                                                                   Slides                                                                                                                   |   AE   |                                          Lab                                           |                                                                                                                                                                                                                                                   HW                                                                                                                                                                                                                                                   | Exam | Project |\n|:------:|--------|--------|:------:|:------:|:------:|:------:|:------:|:------:|\n|  1  | Mon, Sep 26  | Welcome and Toolkit & Data Viz          | [🖥️](/course-materials/_slides/u1-d01-welcome/u1-d01-welcome.pdf \"Slides\")[🖥️](/course-materials/_slides/u1-d02-toolkit-r/u1-d02-toolkit-r.pdf \"Slides\")[🖥️](/course-materials/_slides/u1-d03-toolkit-git/u1-d03-toolkit-git.pdf \"Slides\") | 📋📋📋 | [💻](/course-materials/lab-instructions/lab-01/lab-01-hello-r.html \"Lab instructions\") | [📖Chp 2 R4ds](https://r4ds.had.co.nz/explore-intro.html \"Read Chapter 2 R4ds\") & [📖 Sec 1.1,1.2 IMS](https://openintro-ims.netlify.app/data-hello.html \"Sec 1.1,1.2 IMS\") &[📖](https://r4ds.had.co.nz/explore-intro.html \"Read Chapter 2 R4ds\")[Chp 3 R4ds Data visualization](https://r4ds.had.co.nz/data-visualisation.html) & Read [CARVE](/course-materials/documents/CARVE.pdf) & Start [✍️](/course-materials/hw-instructions/hw-01/hw-01-pet-names.html \"Your version available via GitHub\") |      |         |\n|  2  | Tue, Sep 27  | Tidy Data & Data wrangling & Data Frame |                                                                                                                                                                                                                                            |        |                                                                                        |                                                                                                                                                                                             Continue[✍️](/course-materials/hw-instructions/hw-01/hw-01-pet-names.html \"Your version available via GitHub\")                                                                                                                                                                                             |      |         |\n|  3  | Wed, Sep 28  | No afternoon class.                     |                                                                                                                                                                                                                                            |        |                                                                                        |                                                                                                                                                                                                                                                                                                                                                                                                                                                                                                        |      |         |\n|  4  | Thu, Sep 29  | Data types and classes                  |                                                                                                                                                                                                                                            |        |                                                                                        |                                                                                                                                                                                                                                                                                                                                                                                                                                                                                                        |      |         |\n|  5  | Fri, Sep 30  |                                         |                                                                                                                                                                                                                                            |        |                                                                                        |                                                                                                                                                                                                                                                                                                                                                                                                                                                                                                        |  ✅  |   📂    |\n|  6  | Mon, Oct 3   |                                         |                                                                                                                                                                                                                                            |        |                                                                                        |                                                                                                                                                                                                                                                                                                                                                                                                                                                                                                        |      |         |\n|  7  | Tue, Oct 4   |                                         |                                                                                                                                                                                                                                            |        |                                                                                        |                                                                                                                                                                                                                                                                                                                                                                                                                                                                                                        |      |         |\n|  8  | Wed, Oct 5   |                                         |                                                                                                                                                                                                                                            |        |                                                                                        |                                                                                                                                                                                                                                                                                                                                                                                                                                                                                                        |      |         |\n|  9  | Thu, Oct 6   |                                         |                                                                                                                                                                                                                                            |        |                                                                                        |                                                                                                                                                                                                                                                                                                                                                                                                                                                                                                        |      |         |\n| 10  | Fri, Oct 7   |                                         |                                                                                                                                                                                                                                            |        |                                                                                        |                                                                                                                                                                                                                                                                                                                                                                                                                                                                                                        |      |   📂    |\n| 11  | Mon, Oct 10  |                                         |                                                                                                                                                                                                                                            |        |                                                                                        |                                                                                                                                                                                                                                                                                                                                                                                                                                                                                                        |      |         |\n| 12  | Tues, Oct 11 |                                         |                                                                                                                                                                                                                                            |        |                                                                                        |                                                                                                                                                                                                                                                                                                                                                                                                                                                                                                        |      |         |\n| 13  | Wed, Oct 12  |                                         |                                                                                                                                                                                                                                            |        |                                                                                        |                                                                                                                                                                                                                                                                                                                                                                                                                                                                                                        |      |         |\n| 14  | Thu, Oct 13  |                                         |                                                                                                                                                                                                                                            |        |                                                                                        |                                                                                                                                                                                                                                                                                                                                                                                                                                                                                                        |      |         |\n| 15  | Fri, Oct 14  |                                         |                                                                                                                                                                                                                                            |        |                                                                                        |                                                                                                                                                                                                                                                                                                                                                                                                                                                                                                        |      |   📂    |\n| 16  | Mon, Oct 17  |                                         |                                                                                                                                                                                                                                            |        |                                                                                        |                                                                                                                                                                                                                                                                                                                                                                                                                                                                                                        |      |         |\n| 17  | Tue, Oct 18  |                                         |                                                                                                                                                                                                                                            |        |                                                                                        |                                                                                                                                                                                                                                                                                                                                                                                                                                                                                                        |      |   📂    |\n| 18  | Wed, Oct 19  | Final Exam                              |                                                                                                                                                                                                                                            |        |                                                                                        |                                                                                                                                                                                                                                                                                                                                                                                                                                                                                                        |  ✅  |         |\n:::\n\n\n::: {.cell}\n\n:::\n",
    "supporting": [],
    "filters": [
      "rmarkdown/pagebreak.lua"
    ],
    "includes": {},
    "engineDependencies": {},
    "preserve": {},
    "postProcess": true
  }
}